{
  "Twilight Sparkle": 0.6559354066848755,
  "Rarity": 0.650884747505188,
  "Fluttershy": 0.670510470867157,
  "Rainbow Dash": 0.7223106622695923,
  "Pinkie Pie": 0.44121912121772766,
  "Applejack": 0.4737306237220764
}